term,pronunciation,meaning,type,example,exampleReading,exampleMeaning
維持,いじ,DUY TRÌ,Duy Trì,効率的な維持管理に資することを目的とする。 Nhằm mục tiêu giúp ích cho quản lý và duy trì hiệu quả. =保つ,	
意図,いと, [Ý ĐỒ],ý đồ, mục đích, ý định,hắn có ý đồ đen tối gì với cô ta thì phải！ 彼は彼女に悪い意図があるのだろうか =狙い/目的,	
寄附,きふ,[KÍ PHỤ, tặng cho, quyên góp,寄付（きふ）：đóng góp, quyên góp (tiền bạc, đồ dùng) (từ này chỉ phía đóng góp tiền của mình cho phía gây quỹ) 募金（ぼきん）：quyên tiền, gây quỹ (thường là tiền) (từ này chỉ phía gây quỹ, tập họp tiền đóng góp lại) 寄附（きふ）：nghĩa giống với 寄付 (từ này dùng trong các văn,	
拒否,きょひ, [CỰ PHỦ],Từ chối,cự tuyệt, bác bỏ, 着信拒否: từ chối cuộc gọi đến 接続が拒否されました。,	
処置,しょち,XỨ TRÍ,đối xử, điều trị 1.その場に応じた 判断し、物事に始末をつける。「適切にーする」 2．傷や病気の手当てをする。,医者の適切な処置のおかげで、痛みはすぐに治まった。,	
阻止,そし, [TRỞ CHỈ],Ngăn chặn. Cản trở, そのフィルターをつけると虫がくるのを阻止できますよ. 敵の侵入を阻止する Ngăn cản sự xâm nhập của kẻ địch,	
破棄,はき,[PHÁ KHÍ],1. Huỷ bỏ hoặc tiêu huỷ những thứ được viết trên giấy (như hợp đồng, thư mật...) 2. Toà án cấp cao huỷ bỏ, bác bỏ phán quyết,すべての 署名 しょめいされた 合意 ごういを 破棄 はきする Hủy bỏ tất cả những bản hợp đồng đã được kí kết. 高裁 こうさいは 下級裁判所 かきゅうさいばんしょの 判決 はんけつを 破棄 はきした. Tòa án tối cao bác bỏ quyết định của tòa án cấp dưới.,	
保護,ほご,[BẢO HỘ], bảo hộ,保護フィルム: miếng dán bảo vệ( màn hình điện thoại),環境保護活動:Hoạt động bảo vệ môi trường,Bảo vệ. 胃を保護する薬。Thuốc bảo vệ dạ dày.,	
保守,ほしゅ, [BẢO THỦ],1. Bảo thủ 2. Bảo trì,保守主義 chủ nghĩa bảo thủ,	
加味,かみ,[GIA VỊ],１thường chỉ sử dụng trong trường hợp phán đoán, đánh giá,これは最新の社会情勢を加味した結果です。 わが社では、仕事の成果だけしでなく、勤務態度も加味して社員を評価している。,２cho thêm gia vị (vào thức ăn), sự làm tăng thêm mùi vị;,３bổ sung thêm (những yếu tố cần thiết),	
寄与,きよ,[KÍ DỮ],góp phần,貴社の発展に寄与出来るよう頑張ります。 gdpに寄与しない,=役に立つ,	
指揮,しき, CHỈ HUY,chỉ huy,作戦指揮官 指揮命令者,	
支持,しじ,CHI TRÌ, nâng đỡ, duy trì , ủng hộ,彼は多くの市民から支持されている,=> 支持する→「感情」の問題。賛成、応援している => 支援する→「行動」の問題。お金を出して助ける、物をあげて助ける、一緒に働いて助ける,	
自首,じしゅ,TỰ THỦ, tự thú,彼は 罪を犯した恋人を 庇って警察に 自首した,	
所持,しょじ, [SỞ TRÌ],1 sở hữu, tài sản 2Tàng trữ (hàng quốc cấm chẳng hạn),そのカードの所持確認を行なっていなかった。 đã không tiến hành xác nhận quyền sở hữu ( chủ sở hữu ) của cái thẻ đó.,大麻を所持します Tàng chữ cần sa,	
補助,ほじょ,[BỔ TRỢ], bổ trợ, trợ cấp,栄養補助食品: thực phẩm bổ sung dinh dưỡng ( thực phẩm chức năng) 補助記憶：bộ nhớ bổ sung (máy tính) 補助コード 補助金 ; tien tro cap,	
麻痺,まひ,[MA TÝ], tê liệt,脳梗塞で倒れ半身麻痺 交通麻痺: Kẹt xe 悪天候や事故・混雑などのために、交通の機能が停止状態になること,	
餓死,がし, [NGẠ TỬ],chết đói,餓死 の 危機 に 直面 する đối mặt với nguy cơ chết đói,	
帰化,きか, QUY HÓA,nhập quốc tịch, du nhập,外国人 の 帰化する。,sự nhập quốc tịch của những người nước ngoài,	
危惧,きぐ, [NGUY CỤ],sợ sệt,社長は業績のさらなる悪化を危惧していた,	
起訴,きそ,[KHỞI TỐ], khởi tố,khởi kiện,種類送検 しゅるいそうけん Khởi tố (gửi hồ sơ khởi tố),	
忌避,きひ,[KỊ TỊ], né tránh, thoái thác,責任を忌避ので、家出ました,	
挙手,きょしゅ,[CỬ THỦ], giơ tay,設問のある方は挙手をお願い,	
駆使,くし,[KHU SỬ],1. Sử dụng toàn bộ, tất cả, dùng 1 cái gì hết hiệu năng,,khả năng, công suất của nó (tận dụng): kĩ năng, khả năng, phương tiện thông tin...để làm một việc gì đó,,これまで以上に効果的な技術を駆使する 全技能を駆使する 全知識を駆使する,2. Giỏi, sử dụng thành thục, thông thạo: 自由自在に英語を駆使する 最,	
駆除,くじょ,[KHU TRỪ], loại bỏ,ゴキブリの駆除: Tiêu diệt dán,Diệt trừ, loại trừ, loại bỏ (hay được dùng cho các loại có hại như sâu bọ, virus máy tính),駆除 sẽ chỉ loại bỏ phần có hại, còn, 削除 sẽ loại bỏ cả phần có hại và cả phần liên quan nếu cần.,	
固辞,こじ,[CỐ TỪ],Từ chối một cách dứt khoát.,,入閣を固辞する từ chối dứt khoát việc tham gia nội các,	
誇示,こじ, [KHOA KÌ],phô trương,＝見せびらかす khoe khoang 自慢して見せること,権力 の 誇示 Khoe khoang (phô trương) sức mạnh,	
示唆,しさ, KÌ TOA,hướng dẫn , chỉ dẫn , gợi ý , ám chỉ =ヒント,示唆に富む đưa ra gợi ý,	
自負,じふ, [TỰ PHỤ],Tự tin , tự hào,(Tự tin của bản thân về mảng nào đấy (không mang ý kiêu ngạo tự phụ),＝自慢 、自身,プロとしての自負心があるからこそ、単価の安い仕事はできない,	
除去,じょきょ,[TRỪ KHỨ],loại bỏ,汚染除去 おせんじょきょ ◆ Sự khử độc, sự khử nhiễm,樹脂 [じゅし] 除去 : loại bỏ nhựa,= 取り除く事,	
図示,ずし, [ĐỒ KÌ],hiển thị,cái gì đó được chỉ ra trong hình,,được biểu diễn bằng hình ảnh,危険性 のある 個所 については、 各章 で 図示 されています, Những nơi nguy hiểm được biểu hiện ở các vị trí khác nhau,	
打破,だは,[ĐẢ PHÁ], phá vỡ,đánh bại,眠気を打破する : đánh bay cơn buồn ngủ 強敵を打破する: đánh bại đối thủ mạnh,	
治癒,ちゆ, [TRÌ DŨ],chữa trị,từ này là điều trị dứt điểm, hoàn toàn. Còn 治療 hoặc 治す kiểu như giúp cơ thể hồi phục lại thể trạng,nhưng có thể có di chứng,tái phát,	
卑下,ひげ, [TI HẠ],khiêm tốn, nhún nhường hạ mình,そんなに自分を卑下するものではない：Anh không cần phải hạ mình đến như vậy.,	
補佐,ほさ,[BỔ TÁ], trợ lý, phụ tá,社長補佐: trợ lí giám đốc 補佐役 trợ lý .,	
拉致,らち, [LẠP TRÍ],bắt cóc, cuỗm đi,拉致＝誘拐 bắt cóc,３年前に拉致された子供が、同じマンションに住む犯人の部屋から無事発見された。 子供を攫う：Bắt cóc trẻ em đứa trẻ bị bắt cóc 3 năm trước đã được phát hiện từ căn phòng của thủ phạm đang sống cùng toà nhà.,	
濾過,ろか,LỰ QUÁ, lọc, thấm qua,濾過設備：thiết bị lọc 濾過能力：kha nang loc,	
意義,いぎ, [Ý NGHĨA],ý nghĩa,人生の意義(ý nghĩa của cuộc sống nhân sinh)... còn 意味 là nghĩa của 1 từ vựng nào đó.... 2 từ ý nghĩa khá giống nhau,意義 =意味+ 価値,仕事に意義を見い出せなくて悩んでいる。,	
異議,いぎ, [DỊ NGHỊ],phản đối, kháng nghị,に異議を唱える: có kiến nghị về .,	
意地,いじ,[Ý ĐỊA], tâm địa,Ương ngạnh, ngoan cố, cứng đầu,意地を張る はる : ngoan cố そう意地を張らずに、素直に謝った方がいいよ。 Đừng ngoan cố như thế, nên xin lỗi chân thành vào.,	
過疎,かそ, [QUÁ SƠ], Sự giảm dân số,過疎になる.ở thôn làng công việc ít, chuyển ra thành phố dẫn đến giảm dân số=> dân số ít,その村では近年過疎の問題が深刻化している,	
規模,きぼ, QUY MÔ,Quy mô,規模を拡大する,規模を縮小する。 Mở rộng quy mô,Giảm quy mô ・この地震の被害の規模は、関東大震災の被害に匹敵する。Mức độ thiệt hại của trận động đất này tương đương với thiệt hại của trận động đất lớn ở Kanto.,=大きさ,	
義務,ぎむ,,NGHĨA VỤ,nghĩa vụ; bổn phận,アルバイトといえども、仕事に責任を持つ義務はない。Ngay cả với công việc bán thời gian, không có nghĩa vụ phải chịu trách nhiệm cho công việc.,	
個々,ここ,,CÁ,từng cái,	
誤差,ごさ,[NGỘ SOA], sai số, chênh lệch,誤差が生じる phát sinh sai sót,	
磁気,じき, [TỪ KHÍ],Từ tính, sức hút của nam châm,磁気ディスク：đĩa từ 磁気ブレスレット： vòng tay từ tính (loại vòng tay điều hòa huyết áp Toma, Rakki,..),	
時期,じき,THỜI KÌ,Thời điểm,自分の会社を作りたいと思っているが、今はまだ、その時期ではない Tôi muốn tự mình lập 1 cty nhưng bây giờ thì chưa phải lúc,	
自己,じこ, TỰ KỈ,tự mình,自己紹介 (tự giới thiệu bản thân mình). 自己開示(じこかいじ): mở lòng (自分の情報を相手に伝える).,	
視野,しや,THỊ DÃ, tầm nhìn, tầm hiểu biết,視野を広げる 視野に入れる: đưa vào tầm ngắm (đối với thứ muốn mua, nhà muốn thuê),	
砂利,じゃり,SA LỢI, sỏi,砂利：Sỏi 砕石（さいせき）：Đá dăm,道路には砂利が敷いてある: Đường lát sỏi,	
趣旨,しゅし,THÚ CHỈ, ý định, mục đích,趣旨 suy nghĩ, mục đích vốn dĩ để thực hiện việc đó., 主旨 しゅし là bộ phận quan trọng nhất đc coi là trung tâm của bài văn, câu chuyện,要旨 ようし là thứ đã đc tóm ngắn để nắm đc ND,目的 vấn đề nhắm đến khi thực hiện, đích đến đạt đc cúi cùng,概要 chọn ra tóm tắt ý chính của toàn bộ,=目的,	
種々,しゅじゅ,CHỦNG, đa dạng, nhiều loại,種々の理由で：bởi nhiều lý do.,	
措置,そち,THỐ TRÍ,biện pháp,救済措置；緊急措置；延命措置,	
墓地,ぼち,MỘ ĐỊA, nghĩa trang, nơi chôn cất,墓地に眠る,	
余地,よち, DƯ ĐỊA,chỗ , khoảng trống,改善お余地があり、今一歩の努力を要する：, (Trong đánh giá cuối năm) Vẫn còn chỗ cần phải cải thiện, rút kinh nghiệm, do đó Cần nỗ lực cố gắng thêm 1 chút nữa.,弁解の余地がない không có gì để bào chữa,=可能性,	
危機,きき, NGUY KI,khủng hoảng; nguy cơ,危機に瀕する(ききにひんする-khủng hoảng tới gần) 経済危機,	
義理,ぎり, NGHĨA LÍ,tình nghĩa,Quan hệ thân thuộc không phải trực hệ; anh em đồng hao; chị em đồng hao; họ đằng nhà chồng hoặc vợ,義理の〜 Bố mẹ chồng hoặc vợ 父と母 Anh chị em chồng hoặc vợ 兄弟姉妹,	
下痢,げり, HẠ LỊ,tiêu chảy,下痢になる=腹が下る=腹を下す,	
語彙,ごい,NGỮ VỊ, từ vựng,語彙を増やす 語彙の方言 (ごいのほうげん): từ ngữ địa phương,	
語句,ごく, NGỮ CÚ,cụm từ ngữ,明確 な 語句 Cụm từ (ngữ) chính xác.,	
孤児,こじ,CÔ NHI,trẻ mồ côi, Cô nhi;,孤児 を 育 てる nuôi trẻ mồ côi,Có 2 cách đọc là こじ hoặc みなしご,	
詐欺,さぎ, TRÁ KHI,lừa đảo, 詐欺に引っかかる。Bị lừa đảo. 振り込み詐欺には 十分用心してください。,事実 じじつ sự thật,	
歯科,しか, XỈ KHOA,Nha khoa,歯科検診 しかけんしん khoa khám răng,	
自我,じが, TỰ NGÃ,Bản ngã, cái tôi,彼 は 自我 の 塊 で、いつも 自分 のことばかり 話 していた Anh ta rất tự đề cao mình nên lúc nào cũng chỉ nói về bản thân .,	
磁器,じき, TỪ KHÍ,đồ gốm sứ,その 洗面所 の 洗面台 は、 新種 の 磁器 でできていた Bồn rửa trong phòng tắm được làm từ loại gốm sứ mới,	
時差,じさ,THÌ SOA, chênh lệch giờ,大阪 と ハノイ とでは 二時間 の 時差 がある osaka và hà nội chênh nhau 2 tiếng đồng hồ .,時差通勤 đi làm vào giờ khác nhau,	
自主,じしゅ,TỰ CHỦ,chủ động, tự giác,自主的に行動し、提案などできる方：Người có thể đưa ra ý kiến, làm việc 1 cách chủ động.,自主練習 tự luyện tập,	
守備,しゅび, THỦ BỊ,phòng vệ,守備を強化する。,１ Phòng vệ trước sự tấn công của đối thủ,「要塞 を守備する」「守備隊」 ２trong cuộc cạnh tranh để bảo vệ bản thân, ko ra những điểm có lợi cho đối phương 「九回裏の守備につく」⇔攻撃。,攻撃守備,	
助詞,じょし,TRỢ TỪ, Trợ từ, giới từ, phụ tố,を、に、は、が、。。。,	
庶務,しょむ,THỨ VỤ, tổng vụ , Tổng hợp Công việc tổng hợp ở cty gọi chung là 庶務,「庶務」は、雑多な事務そのもののこと。 例えば、電話の応対や伝票の処理、郵便物の発送、資料整理、備品の管理や発注など。,「総務」: Tổng vụ, chỉ người/bộ phận làm các công việc có tính chất hỗ trợ, không mang lại doanh thu trực tiếp (非生産部門）như hành chính, nhân sự, kế toán,...,「庶務」: Cũng chỉ người/bộ phận làm các công việc hỗ trợ, nhưng có tính chuyên môn thấp hơn 総務. Ví dụ như:,	
世辞,せじ, THẾ TỪ,khen , nịnh,お世辞抜きに、あなたの日本語は本当にうまいよ。,Không phải nịnh đâu nhưng tiếng Nhật của bạn rất tốt,世辞がうまい: nịnh khéo thế,	
著書,ちょしょ,TRỨ THƯ, tác phẩm sách,彼 には 多 くの 著書 がある。, Anh ấy có nhiều tác phẩm. .,	
徒歩,とほ,,ĐỒ BỘ,Đi bộ,đi dạo,この家は駅から徒歩10分以内でおすすめ Nhà này đi từ ga về chỉ mất 10 phút,	
秘書,ひしょ,BÍ THƯ, thư kí,電話で先生の秘書にどのようにいうか考えましょう,	
不意,ふい,BẤT Ý, bất chợt, không ngờ tới,不意に訪問される,＝突然,	
部下,ぶか, BỘ HẠ,cấp dưới,これをあなたの 部下 たちに 転送 してもいいですよ, Anh chuyển cái này cho cấp dưới của anh được chứ?,	
捕虜,ほりょ, BỘ LỖ, Tù binh (chiến tranh),虜：とりこ bị bắt giữ,捕虜交換 trao đổi tù binh .,	
未知,みち, VỊ, TRI,Chưa biết,未知の世界 人生は未知: (dịch) cuộc sống đầy sự bất ngờ,この著者はわれわれには未知の人だ tác giả ngày vẫn chưa được chúng ta biết đến,	
余暇,よか,DƯ HẠ, rảnh rỗi,余暇活動：hoạt động giải trí,余暇 に 金 をもうける kiếm tiền khi rảnh rỗi .,＝余ったひまな時間,	
利子,りし,LỢI TỬ, lãi tức, tiền lời,利子: lãi mình Phải trả - VD: khi vay tiền phải trả lãi là 1% 利息: lãi mình được nhận - VD: gửi tiết kiệm NH có lãi là 8%/ năm,利子がつく: có lời,利子 và 黒字 nghĩa khác nhau, 黒字 là kiểu lãi khi mình kinh doanh buôn bán có sự chênh lệch giữa doanh thu và chi phí còn,利子 là kiểu lãi trên vốn (tiền) ví dụ khi mình gửi tiết kiệm NH hay mình cho ng khác vay tiền... thì sẽ sinh ra lãi.,	
意気,いき, Ý KHÍ,tinh thần, tâm hồn cảm giác tích cực muốn làm tới cùng một việc gì đó, không từ bỏ, quyết chí,意気投合する。tâm đầu ý hợp<3 社員は全員会社再建の意気に燃え,	
囲碁,いご,VI KÌ, cờ vây,囲碁を打つ Chơi cờ vây,	
遺書,いしょ, DI THƯ,di thư, di chúc,遺書を残す,遺言,	
歌詞,かし,CA TỪ, lời bài hát,歌詞 に メロディー をつける phổ nhạc cho phần lời,	
過度,かど,QUÁ ĐỘ, quá mức qui định,過度な期待を持たせないようにする,Làm cho hiểu để không kỳ vọng quá nhiều,過度興味,Hưng phấn quá mức,	
飢餓,きが,CƠ NGẠ, Nạn đói , Đói kém , thiếu ăn, chết đói,愛情飢餓 thiếu tình cảm,	
可否,かひ,KHẢ PHỦ,Được hay là Không , cho phép và từ chối,実施の可否について現在調整中。về việc có thực thi được hay không thì hiện tại đang điều chỉnh.,	
機器,きき,KI KHÍ, thiết bị, máy móc,医療機器(いりょうきき): thiết bị y tế,	
季語,きご,QUÝ NGỮ, từ ngữ theo mùa,新年 の 季語 từ ngữ theo mùa trong năm mới (trong kịch cổ truyền haiku),	
機種,きしゅ, KI CHỦNG,loại máy,Đời máy/model (機種変更: thay đổi model) giống như việc các nhà mạng ở Nhật cho phép (nâng cấp) đổi từ iphone 5 lên iphone 6 chẳng hạn.,	
旗手,きしゅ, KÌ THỦ,người cầm cờ,	
既知,きち,KÍ TRi, đã biết rồi,既知の問題 các vấn đề đã biết,	
虚偽,きょぎ, HƯ NGỤY,giả dối, sai sự thật,nói láo, xuyên tạc sự thật,虚偽証言 khai man,	
虚無,きょむ,HƯ VÔ, hư vô, không thực,虚無的 な 世界 thế giới hư vô,	
呼気,こき,HÔ KHÍ, hơi thở,容疑者の呼気からは基準値を超えるアルコールが検出された。 Phát hiện ra nồng độ cồn vượt mức quy định từ hơi thở của nghi phạm.,	
誤字,ごじ, NGỘ TỰ,chữ in sai, chữ sai,・レポートを 見返していたら，誤字を 発見した,	
語尾,ごび,NGỮ VĨ, vĩ tố, âm cuối, chữ tận cùng,語尾を伸ばす Kéo dài âm cuối,	
差異,さい, SOA DỊ,sự sai khác,sự khác nhau,両者の主張に大きな差異はない.,	
時価,じか,THÌ GIÁ, giá hiện tại, giá thị trường,時価数億円: giá thị trường lên đến hàng trăm triệu yên 時価と著しく乖離(かいり): khác biệt lớn so với giá thị trường 乖離 [LI] かいり sự xa rời; sự xa lạ; sự tách ra,	
時下,じか,THÌ HẠ, thời nay,時下ますますご清祥のことお慶び申し上げます,	
時機,じき, THÌ KI,cơ hội, thời cơ,時機を捕える: nắm bắt thời cơ 時機を逸する(いっする）: bỏ lỡ (làm mất) thời cơ,	
次期,じき, THỨ KÌ,thời kì sau, thời tiếp theo,次期大統領 tổng thống kỳ sau,	
私語,しご, TƯ NGỮ,nói chuyện riêng, thì thầm,私語禁止: cấm nói chuyện riêng,	
死語,しご,TỬ NGỮ, từ lỗi thời, tử ngữ,1.古く使用されていたが、現在ではどの民族にも使用されなくなってしまった言語。 2.一言語の中で、古く用いられていた単語で、今は全く使用されなくなってしまったもの。廃語。⇔活語。,	
事後,じご, SỰ HẬU,xảy ra sau đó,事後になってしまいましたが、見積り工数も記載をお願いします。 xay ra sau khi so voi thuc te,	
私費,しひ, TƯ PHÍ,tự trả tiền,私費／自費 の使い分け,１「私費」は、「公費」に対するもので、国や団体からでなく個人が支出する費用の意。 ２「自費」は、他人ではなく自分が支出する費用の意。,	
自費,じひ,TỰ PHÍ, tự trả tiền,１「私費」は、「公費」に対するもので、国や団体からでなく個人が支出する費用の意。 ２「自費」は、他人ではなく自分が支出する費用の意。,	
首位,しゅい, THỦ VỊ,vị trí đứng đầu,逆転して首位に立つ。,	
主旨,しゅし,CHỦ CHỈ, lí do chính, ý chính,主旨 chủ trương, tư tưởng, ý chính (suy nghĩ, bài văn, câu chuyện..),要旨 nội dung chinh, phần quan trọng,趣旨 mục đích, ý đồ muốn truyền tải,文章の主旨をつかむ,	
種子,しゅし, CHỦNG TỬ,hạt giống,種子植物 Thực vật trồng bằng hạt,	
手話,しゅわ,THỦ THOẠI, ra dấu, ngôn ngữ kí hiệu,手話通訳 Cách nói bằng ra hiệu giải thích,	
書記,しょき,THƯ KÍ, ghi chép, thư kí,1. Ghi chép 「書記能力」 2. Thư ký (ghi chép nội dung, biên bản cuộc họp, hội nghị...) 「会議で書記をつとめる」 3. Bí thư, ban thư ký (chỉ chức vụ trong đảng, đoàn thể...) 「書記官」に同じ,	
齟齬,そご,TRỞ NGỮ, mâu thuẫn, bất hòa,齟齬がないかご確認いただけますでしょうか。,	
地価,ちか,ĐỊA GIÁ, giá đất,地価が上がった,	
致死,ちし, TRÍ TỬ,chí mạng, gây chết,致死率: Tỉ lệ tử vong,	
覇者,はしゃ, BÁ GIẢ,quán quân, vô địch,海上 の 覇者 bá chủ trên biển. .,	
馬車,ばしゃ, MÃ XA,xe ngựa,乗合馬車 Xe buýt ngựa kéo,	
避暑,ひしょ,TỊ THỬ, tránh nóng,避暑地 nơi tránh nóng,	
比喩,ひゆ,BỈ DỤ, so sánh, ví von,直接に言わなくて、他の物に例える！,	
部署,ぶしょ,BỘ THỰ, phòng ban trong cty , Cương vị , chức vụ,その資料はこの部署にはありません。 Phòng chúng tôi không có tài liệu đó. こちらに勤務先と部署名をお書きください。xin hãy viết chức vụ và nơi làm việc vào đây Bộ phận ( 経理部 広報部),	
不和,ふわ, BẤT HÒA,bất hòa,口 げんかをして 二人 は 不和 になった vì cãi nhau nên hai người trở nên bất hòa .,	
簿記,ぼき,BỘ KÍ, làm sổ sách,複式簿記 ghi sổ kép,	
母語,ぼご,MẪU NGỮ, tiếng mẹ đẻ,母語禁止! (アルバイト),	
無期,"むき, VÔ KÌ,mập mờ, không hạn định,無期 trong án phạt tù thì là"" giam giữ vô thời hạn"" nhưng vẫn có thể được ân xá xuống còn thời hạn nếu cải tạo tốt. Khác với 終身 là "" chung thân "" thì sẽ không bao giờ được ân xá.",	
路地,ろじ, LỘ ĐỊA,đường đi,建物と建物との間の狭い道,	
和語,わご,,HÒA NGỮ,Từ thuần Nhật,和語系 の 英語 Tiếng Anh của tiếng Nhật bản địa .,	